gene,pathway
MGP005034,"[('C', 'apolipoprotein B mRNA editing enzyme complex'), ('C', 'cytoplasm'), ('C', 'endoplasmic reticulum'), ('C', 'nucleoplasm'), ('F', 'nucleotide binding'), ('F', 'RNA binding'), ('F', 'single-stranded RNA binding'), ('P', 'cytidine to uridine editing'), ('P', 'gene expression'), ('P', 'mRNA modification'), ('P', 'mRNA processing'), ('P', 'protein stabilization')]"
MGP000001,"[('C', 'blood microparticle'), ('C', 'cytosol'), ('C', 'extracellular region'), ('C', 'extracellular vesicular exosome'), ('C', 'platelet alpha granule lumen'), ('F', 'calcium-dependent protein binding'), ('F', 'enzyme binding'), ('F', 'growth factor binding'), ('F', 'interleukin-1 binding'), ('F', 'interleukin-8 binding'), ('F', 'protease binding'), ('F', 'receptor binding'), ('F', 'serine-type endopeptidase inhibitor activity'), ('F', 'tumor necrosis factor binding'), ('P', 'blood coagulation'), ('P', 'blood coagulation, intrinsic pathway'), ('P', 'extracellular matrix disassembly'), ('P', 'extracellular matrix organization'), ('P', 'negative regulation of complement activation, lectin pathway'), ('P', 'negative regulation of endopeptidase activity'), ('P', 'platelet activation'), ('P', 'platelet degranulation'), ('P', 'regulation of small GTPase mediated signal transduction'), ('P', 'small GTPase mediated signal transduction'), ('P', 'stem cell differentiation')]"
MGP003452,"[('C', 'centrosome'), ('C', 'cytoplasm'), ('C', 'membrane'), ('C', 'nuclear envelope'), ('C', 'nuclear membrane'), ('C', 'nuclear pore'), ('C', 'nucleoplasm'), ('C', 'nucleus'), ('P', 'carbohydrate metabolic process'), ('P', 'cytokine-mediated signaling pathway'), ('P', 'fertilization'), ('P', 'glucose transport'), ('P', 'hexose transport'), ('P', 'learning'), ('P', 'mitotic cell cycle'), ('P', 'mitotic nuclear envelope disassembly'), ('P', 'mRNA transport'), ('P', 'nucleocytoplasmic transport'), ('P', 'protein transport'), ('P', 'regulation of glucose transport'), ('P', 'regulation of nucleocytoplasmic transport'), ('P', 'small molecule metabolic process'), ('P', 'transmembrane transport'), ('P', 'viral process')]"
MGP005134,"[('F', 'pyridoxal phosphate binding'), ('F', 'transaminase activity'), ('P', 'biosynthetic process')]"
MGP000004,"[('C', 'cytosol'), ('C', 'perinuclear region of cytoplasm'), ('F', 'aralkylamine N-acetyltransferase activity'), ('F', 'arylamine N-acetyltransferase activity'), ('P', 'cellular nitrogen compound metabolic process'), ('P', 'cellular response to cAMP'), ('P', 'circadian rhythm'), ('P', 'indolalkylamine biosynthetic process'), ('P', 'melatonin biosynthetic process'), ('P', 'N-terminal protein amino acid acetylation'), ('P', 'response to calcium ion'), ('P', 'response to copper ion'), ('P', 'response to corticosterone'), ('P', 'response to cytokine'), ('P', 'response to insulin'), ('P', 'response to light stimulus'), ('P', 'response to prostaglandin E'), ('P', 'response to zinc ion'), ('P', 'small molecule metabolic process')]"
MGP000005,"[('C', 'cytoplasm'), ('C', 'cytosol'), ('C', 'extracellular vesicular exosome'), ('C', 'membrane'), ('F', 'alanine-tRNA ligase activity'), ('F', 'amino acid binding'), ('F', 'aminoacyl-tRNA editing activity'), ('F', 'ATP binding'), ('F', 'tRNA binding'), ('F', 'zinc ion binding'), ('P', 'alanyl-tRNA aminoacylation'), ('P', 'cerebellar Purkinje cell layer development'), ('P', 'endoplasmic reticulum unfolded protein response'), ('P', 'gene expression'), ('P', 'hair follicle development'), ('P', 'negative regulation of neuron apoptotic process'), ('P', 'neuromuscular process controlling balance'), ('P', 'protein folding'), ('P', 'response to amino acid'), ('P', 'tRNA aminoacylation for protein translation'), ('P', 'tRNA modification'), ('P', 'tRNA processing')]"
MGP005634,"[('C', 'mitochondrion'), ('F', 'alanine-tRNA ligase activity'), ('F', 'ATP binding'), ('F', 'tRNA binding'), ('F', 'zinc ion binding'), ('P', 'gene expression'), ('P', 'mitochondrial alanyl-tRNA aminoacylation'), ('P', 'mitochondrial respiratory chain complex assembly'), ('P', 'tRNA aminoacylation for protein translation')]"
MGP005719,"[('C', 'cytosol'), ('C', 'extracellular vesicular exosome'), ('F', 'holo-[acyl-carrier-protein] synthase activity'), ('F', 'magnesium ion binding'), ('P', 'macromolecule biosynthetic process'), ('P', 'pantothenate metabolic process'), ('P', 'small molecule metabolic process'), ('P', 'vitamin metabolic process'), ('P', 'water-soluble vitamin metabolic process')]"
MGP004145,"[('C', 'intracellular membrane-bounded organelle'), ('C', 'mitochondrial matrix'), ('C', 'mitochondrion'), ('F', 'saccharopine dehydrogenase (NAD+, L-glutamate-forming) activity'), ('F', 'saccharopine dehydrogenase (NADP+, L-lysine-forming) activity'), ('P', 'cellular nitrogen compound metabolic process'), ('P', 'L-lysine catabolic process to acetyl-CoA via saccharopine'), ('P', 'lysine catabolic process'), ('P', 'protein tetramerization'), ('P', 'small molecule metabolic process')]"
MGP004871,"[('C', 'centrosome'), ('C', 'cytoplasm'), ('C', 'focal adhesion'), ('C', 'Golgi apparatus'), ('C', 'nucleolus'), ('C', 'nucleus'), ('F', 'leucine zipper domain binding'), ('F', 'poly(A) RNA binding'), ('F', 'sequence-specific DNA binding transcription factor activity'), ('P', 'apoptotic signaling pathway'), ('P', 'cell adhesion'), ('P', 'cellular response to DNA damage stimulus'), ('P', 'embryonic cleavage'), ('P', 'negative regulation of amyloid precursor protein biosynthetic process'), ('P', 'negative regulation of apoptotic process'), ('P', 'negative regulation of reactive oxygen species metabolic process'), ('P', 'negative regulation of superoxide anion generation'), ('P', 'neurotrophin TRK receptor signaling pathway'), ('P', 'positive regulation of apoptotic process'), ('P', 'positive regulation of transcription from RNA polymerase II promoter'), ('P', 'regulation of mitotic cell cycle'), ('P', 'ribosome biogenesis')]"
MGP000006,"[('C', '4-aminobutyrate transaminase complex'), ('C', 'extracellular vesicular exosome'), ('C', 'mitochondrial matrix'), ('C', 'mitochondrion'), ('C', 'neuron projection'), ('F', '4-aminobutyrate transaminase activity'), ('F', 'protein homodimerization activity'), ('F', 'pyridoxal phosphate binding'), ('F', '(S)-3-amino-2-methylpropionate transaminase activity'), ('F', 'succinate-semialdehyde dehydrogenase binding'), ('P', 'behavioral response to cocaine'), ('P', 'copulation'), ('P', 'gamma-aminobutyric acid catabolic process'), ('P', 'locomotory behavior'), ('P', 'negative regulation of blood pressure'), ('P', 'neurotransmitter catabolic process'), ('P', 'neurotransmitter secretion'), ('P', 'response to drug'), ('P', 'response to ethanol'), ('P', 'response to hypoxia'), ('P', 'response to iron ion'), ('P', 'response to nicotine'), ('P', 'synaptic transmission')]"
MGP000007,"[('C', 'endocytic vesicle'), ('C', 'external side of plasma membrane'), ('C', 'Golgi apparatus'), ('C', 'high-density lipoprotein particle'), ('C', 'integral component of plasma membrane'), ('C', 'membrane raft'), ('C', 'perinuclear region of cytoplasm'), ('C', 'phagocytic vesicle'), ('C', 'plasma membrane'), ('F', 'anion transmembrane transporter activity'), ('F', 'apolipoprotein A-I binding'), ('F', 'apolipoprotein A-I receptor activity'), ('F', 'apolipoprotein binding'), ('F', 'ATPase activity'), ('F', 'ATPase binding'), ('F', 'ATP binding'), ('F', 'cholesterol binding'), ('F', 'cholesterol transporter activity'), ('F', 'phospholipid binding'), ('F', 'phospholipid transporter activity'), ('F', 'receptor binding'), ('F', 'small GTPase binding'), ('F', 'syntaxin binding'), ('P', 'apolipoprotein A-I-mediated signaling pathway'), ('P', 'cellular lipid metabolic process'), ('P', 'cellular response to cholesterol'), ('P', 'cellular response to lipopolysaccharide'), ('P', 'cellular response to retinoic acid'), ('P', 'cholesterol efflux'), ('P', 'cholesterol homeostasis'), ('P', 'cholesterol metabolic process'), ('P', 'endosomal transport'), ('P', 'G-protein coupled receptor signaling pathway'), ('P', 'high-density lipoprotein particle assembly'), ('P', 'interleukin-1 beta secretion'), ('P', 'intracellular cholesterol transport'), ('P', 'lipoprotein metabolic process'), ('P', 'lysosome organization'), ('P', 'negative regulation of cholesterol storage'), ('P', 'negative regulation of macrophage derived foam cell differentiation'), ('P', 'peptide secretion'), ('P', 'phagocytosis, engulfment'), ('P', 'phospholipid efflux'), ('P', 'phospholipid homeostasis'), ('P', 'phospholipid translocation'), ('P', 'platelet dense granule organization'), ('P', 'positive regulation of cAMP biosynthetic process'), ('P', 'positive regulation of cholesterol efflux'), ('P', 'protein lipidation'), ('P', 'regulation of Cdc42 protein signal transduction'), ('P', 'response to drug'), ('P', 'response to laminar fluid shear stress'), ('P', 'response to low-density lipoprotein particle'), ('P', 'response to nutrient'), ('P', 'reverse cholesterol transport'), ('P', 'small molecule metabolic process')]"
MGP004207,"[('C', 'integral component of membrane'), ('F', 'ATPase activity'), ('F', 'ATP binding'), ('P', 'transport')]"
MGP004816,"[('C', 'cytoplasm'), ('C', 'cytosol'), ('C', 'epidermal lamellar body'), ('C', 'integral component of membrane'), ('C', 'mitochondrial inner membrane'), ('C', 'plasma membrane'), ('F', 'apolipoprotein A-I receptor binding'), ('F', 'ATP binding'), ('F', 'lipid transporter activity'), ('F', 'lipid-transporting ATPase activity'), ('F', 'receptor binding'), ('P', 'cellular homeostasis'), ('P', 'ceramide transport'), ('P', 'establishment of skin barrier'), ('P', 'keratinization'), ('P', 'lipid homeostasis'), ('P', 'lipid transport'), ('P', 'lung alveolus development'), ('P', 'phospholipid efflux'), ('P', 'positive regulation of cholesterol efflux'), ('P', 'positive regulation of protein localization to cell surface'), ('P', 'protein localization to plasma membrane'), ('P', 'regulated secretory pathway'), ('P', 'secretion by cell'), ('P', 'surfactant homeostasis')]"
MGP000008,"[('C', 'ATP-binding cassette (ABC) transporter complex'), ('C', 'cytoplasmic membrane-bounded vesicle'), ('C', 'endosome'), ('C', 'endosome membrane'), ('C', 'integral component of membrane'), ('C', 'lysosomal membrane'), ('C', 'lysosome'), ('C', 'membrane'), ('C', 'microtubule organizing center'), ('F', 'ATPase activity'), ('F', 'ATPase activity, coupled to transmembrane movement of substances'), ('F', 'ATP binding'), ('F', 'nucleotide binding'), ('P', 'ATP catabolic process'), ('P', 'cholesterol homeostasis'), ('P', 'lipid metabolic process'), ('P', 'regulation of intracellular cholesterol transport'), ('P', 'regulation of transcription from RNA polymerase II promoter'), ('P', 'response to drug'), ('P', 'response to steroid hormone'), ('P', 'transmembrane transport'), ('P', 'transport')]"
MGP000010,"[('C', 'integral component of plasma membrane'), ('C', 'membrane'), ('C', 'photoreceptor disc membrane'), ('F', 'ATPase activity, coupled to transmembrane movement of substances'), ('F', 'ATP binding'), ('F', 'phospholipid-translocating ATPase activity'), ('F', 'transporter activity'), ('P', 'phospholipid transfer to membrane'), ('P', 'photoreceptor cell maintenance'), ('P', 'phototransduction, visible light'), ('P', 'retinoid metabolic process'), ('P', 'transmembrane transport'), ('P', 'transport'), ('P', 'visual perception')]"
MGP004678,"[('C', 'integral component of membrane'), ('F', 'ATPase activity'), ('F', 'ATP binding'), ('P', 'transport')]"
MGP004206,"[('C', 'apical plasma membrane'), ('C', 'ATP-binding cassette (ABC) transporter complex'), ('C', 'cell surface'), ('C', 'cytoplasm'), ('C', 'endosome membrane'), ('C', 'Golgi apparatus'), ('C', 'Golgi membrane'), ('C', 'integral component of membrane'), ('C', 'phagocytic cup'), ('C', 'plasma membrane'), ('C', 'ruffle membrane'), ('F', 'apolipoprotein A-I receptor activity'), ('F', 'ATPase activity'), ('F', 'ATP binding'), ('F', 'phospholipid transporter activity'), ('F', 'transporter activity'), ('P', 'apolipoprotein A-I-mediated signaling pathway'), ('P', 'ATP catabolic process'), ('P', 'cholesterol efflux'), ('P', 'high-density lipoprotein particle assembly'), ('P', 'memory'), ('P', 'negative regulation of amyloid precursor protein biosynthetic process'), ('P', 'negative regulation of ATPase activity'), ('P', 'negative regulation of beta-amyloid formation'), ('P', 'peptide cross-linking'), ('P', 'phagocytosis'), ('P', 'phospholipid efflux'), ('P', 'phospholipid scrambling'), ('P', 'positive regulation of ATPase activity'), ('P', 'positive regulation of beta-amyloid clearance'), ('P', 'positive regulation of cholesterol efflux'), ('P', 'positive regulation of engulfment of apoptotic cell'), ('P', 'positive regulation of ERK1 and ERK2 cascade'), ('P', 'positive regulation of phagocytosis'), ('P', 'positive regulation of phospholipid efflux'), ('P', 'protein localization to nucleus'), ('P', 'transmembrane transport')]"
MGP004209,"[('C', 'integral component of membrane'), ('C', 'mitochondrial inner membrane'), ('C', 'plasma membrane'), ('F', 'ATPase activity, coupled to transmembrane movement of substances'), ('F', 'ATP binding'), ('P', 'transmembrane transport'), ('P', 'transport')]"
MGP004208,"[('C', 'integral component of membrane'), ('C', 'mitochondrion'), ('F', 'ATPase activity'), ('F', 'ATP binding'), ('P', 'transport')]"
MGP002268,"[('C', 'cell surface'), ('C', 'extracellular vesicular exosome'), ('C', 'integral component of membrane'), ('C', 'membrane'), ('C', 'plasma membrane'), ('F', 'ATPase activity, coupled to transmembrane movement of substances'), ('F', 'ATP binding'), ('F', 'transporter activity'), ('F', 'xenobiotic-transporting ATPase activity'), ('P', 'drug transmembrane transport'), ('P', 'G2/M transition of mitotic cell cycle'), ('P', 'response to drug'), ('P', 'small molecule metabolic process'), ('P', 'stem cell proliferation'), ('P', 'transmembrane transport'), ('P', 'transport')]"
MGP004677,"[('C', 'integral component of mitochondrial membrane'), ('C', 'mitochondrial inner membrane'), ('F', 'ATPase activity, coupled to transmembrane movement of substances'), ('F', 'ATP binding'), ('F', 'transporter activity'), ('P', 'transmembrane transport'), ('P', 'transport')]"
MGP003629,"[('C', 'apical part of cell'), ('C', 'extracellular vesicular exosome'), ('C', 'integral component of membrane'), ('C', 'integral component of plasma membrane'), ('C', 'intercellular canaliculus'), ('C', 'membrane'), ('C', 'plasma membrane'), ('F', 'ATPase activity, coupled to transmembrane movement of substances'), ('F', 'ATP binding'), ('F', 'bile acid-exporting ATPase activity'), ('F', 'canalicular bile acid transmembrane transporter activity'), ('F', 'sodium-exporting ATPase activity, phosphorylative mechanism'), ('F', 'transporter activity'), ('P', 'bile acid and bile salt transport'), ('P', 'bile acid biosynthetic process'), ('P', 'bile acid metabolic process'), ('P', 'canalicular bile acid transport'), ('P', 'small molecule metabolic process'), ('P', 'sodium ion transmembrane transport'), ('P', 'transmembrane transport'), ('P', 'transport')]"
MGP002269,"[('C', 'extracellular vesicular exosome'), ('C', 'integral component of membrane'), ('C', 'integral component of plasma membrane'), ('C', 'intercellular canaliculus'), ('C', 'membrane'), ('C', 'plasma membrane'), ('F', 'ATPase activity, coupled to transmembrane movement of substances'), ('F', 'ATP binding'), ('F', 'xenobiotic-transporting ATPase activity'), ('P', 'cellular lipid metabolic process'), ('P', 'lipid metabolic process'), ('P', 'response to drug'), ('P', 'small molecule metabolic process'), ('P', 'transmembrane transport'), ('P', 'transport')]"
MGP007009,"[('C', 'integral component of plasma membrane'), ('C', 'plasma membrane'), ('F', 'ATPase activity, coupled to transmembrane movement of substances'), ('F', 'ATP binding'), ('F', 'efflux transmembrane transporter activity'), ('P', 'antigen processing and presentation of endogenous peptide antigen via MHC class Ib via ER pathway, TAP-dependent'), ('P', 'antigen processing and presentation of endogenous peptide antigen via MHC class I via ER pathway, TAP-dependent'), ('P', 'antigen processing and presentation of exogenous protein antigen via MHC class Ib, TAP-dependent'), ('P', 'cell differentiation'), ('P', 'compound eye corneal lens development'), ('P', 'positive regulation of antigen processing and presentation of peptide antigen via MHC class I'), ('P', 'regulation of membrane potential'), ('P', 'transmembrane transport')]"
MGP004105,"[('C', 'ATP-binding cassette (ABC) transporter complex'), ('C', 'endoplasmic reticulum'), ('C', 'endosome'), ('C', 'extracellular vesicular exosome'), ('C', 'Golgi apparatus'), ('C', 'integral component of mitochondrial outer membrane'), ('C', 'mitochondrial envelope'), ('C', 'mitochondrial outer membrane'), ('C', 'mitochondrion'), ('C', 'plasma membrane'), ('F', 'ATP binding'), ('F', 'efflux transmembrane transporter activity'), ('F', 'heme binding'), ('F', 'heme transporter activity'), ('F', 'heme-transporting ATPase activity'), ('P', 'brain development'), ('P', 'cellular iron ion homeostasis'), ('P', 'heme transport'), ('P', 'porphyrin-containing compound biosynthetic process'), ('P', 'skin development'), ('P', 'transmembrane transport'), ('P', 'transport')]"
MGP000009,"[('C', 'integral component of membrane'), ('C', 'mitochondrial inner membrane'), ('C', 'mitochondrion'), ('F', 'ATPase activity, coupled to transmembrane movement of substances'), ('F', 'ATP binding'), ('F', 'heme transporter activity'), ('P', 'cellular iron ion homeostasis'), ('P', 'heme transport'), ('P', 'small molecule metabolic process'), ('P', 'transmembrane transport'), ('P', 'transport')]"
MGP004478,"[('C', 'ATP-binding cassette (ABC) transporter complex'), ('C', 'integral component of membrane'), ('C', 'membrane'), ('C', 'mitochondrial envelope'), ('C', 'mitochondrial inner membrane'), ('C', 'mitochondrion'), ('C', 'nucleolus'), ('C', 'nucleus'), ('F', 'ATPase activity, coupled to transmembrane movement of substances'), ('F', 'ATP binding'), ('F', 'transporter activity'), ('P', 'transmembrane transport'), ('P', 'transport')]"
MGP001961,"[('C', 'extracellular vesicular exosome'), ('C', 'integral component of plasma membrane'), ('C', 'membrane'), ('C', 'plasma membrane'), ('F', 'ATPase activity'), ('F', 'ATPase activity, coupled to transmembrane movement of substances'), ('F', 'ATP binding'), ('F', 'transporter activity'), ('P', 'arachidonic acid metabolic process'), ('P', 'ATP catabolic process'), ('P', 'cobalamin metabolic process'), ('P', 'leukotriene metabolic process'), ('P', 'response to drug'), ('P', 'small molecule metabolic process'), ('P', 'transmembrane transport'), ('P', 'transport'), ('P', 'vitamin metabolic process'), ('P', 'water-soluble vitamin metabolic process')]"
MGP006217,"[('C', 'integral component of membrane'), ('C', 'lysosomal membrane'), ('C', 'plasma membrane'), ('F', 'ATPase activity, coupled to transmembrane movement of substances'), ('F', 'ATP binding'), ('P', 'transmembrane transport')]"
MGP006200,"[('C', 'extracellular vesicular exosome'), ('C', 'integral component of plasma membrane'), ('C', 'plasma membrane'), ('F', 'ATPase activity, coupled to transmembrane movement of substances'), ('F', 'ATP binding'), ('F', 'organic anion transmembrane transporter activity'), ('F', 'purine nucleotide transmembrane transporter activity'), ('P', 'organic anion transport'), ('P', 'purine nucleotide transport'), ('P', 'transmembrane transport')]"
MGP000606,"[('C', 'apical plasma membrane'), ('C', 'cell surface'), ('C', 'integral component of plasma membrane'), ('C', 'intercellular canaliculus'), ('C', 'plasma membrane'), ('F', 'ATPase activity, coupled to transmembrane movement of substances'), ('F', 'ATP binding'), ('F', 'organic anion transmembrane transporter activity'), ('P', 'cellular chloride ion homeostasis'), ('P', 'drug transmembrane transport'), ('P', 'prostaglandin transport'), ('P', 'response to arsenic-containing substance'), ('P', 'response to estrogen'), ('P', 'response to heat'), ('P', 'response to methotrexate'), ('P', 'response to oxidative stress'), ('P', 'thyroid hormone transport'), ('P', 'transmembrane transport'), ('P', 'transport')]"
MGP003659,"[('C', 'integral component of plasma membrane'), ('C', 'membrane'), ('C', 'plasma membrane'), ('F', 'ATPase activity, coupled to transmembrane movement of substances'), ('F', 'ATP binding'), ('F', 'organic anion transmembrane transporter activity'), ('P', 'bile acid and bile salt transport'), ('P', 'bile acid metabolic process'), ('P', 'small molecule metabolic process'), ('P', 'transmembrane transport'), ('P', 'transport')]"
MGP004181,"[('C', 'basolateral plasma membrane'), ('C', 'integral component of membrane'), ('C', 'membrane'), ('C', 'plasma membrane'), ('C', 'platelet dense granule membrane'), ('F', '15-hydroxyprostaglandin dehydrogenase (NAD+) activity'), ('F', 'ATPase activity, coupled to transmembrane movement of substances'), ('F', 'ATP binding'), ('P', 'blood coagulation'), ('P', 'oxidation-reduction process'), ('P', 'platelet activation'), ('P', 'platelet degranulation'), ('P', 'positive regulation of smooth muscle cell proliferation'), ('P', 'response to drug'), ('P', 'response to organic cyclic compound'), ('P', 'response to organonitrogen compound'), ('P', 'transmembrane transport')]"
MGP004104,"[('C', 'integral component of plasma membrane'), ('C', 'membrane'), ('C', 'plasma membrane'), ('F', 'ATPase activity, coupled to transmembrane movement of substances'), ('F', 'ATP binding'), ('F', 'organic anion transmembrane transporter activity'), ('P', 'carbohydrate metabolic process'), ('P', 'glycosaminoglycan metabolic process'), ('P', 'hyaluronan biosynthetic process'), ('P', 'hyaluronan metabolic process'), ('P', 'organic anion transport'), ('P', 'small molecule metabolic process'), ('P', 'transmembrane transport'), ('P', 'transport')]"
MGP000190,"[('C', 'apical plasma membrane'), ('C', 'basolateral plasma membrane'), ('C', 'endoplasmic reticulum membrane'), ('C', 'integral component of membrane'), ('C', 'lateral plasma membrane'), ('C', 'plasma membrane'), ('F', 'ATPase activity, coupled to transmembrane movement of substances'), ('F', 'ATP binding'), ('F', 'transporter activity'), ('P', 'response to drug'), ('P', 'transmembrane transport'), ('P', 'transport'), ('P', 'visual perception')]"
MGP003028,"[('C', 'plasma membrane'), ('C', 'voltage-gated potassium channel complex'), ('F', 'ATPase activity, coupled to transmembrane movement of substances'), ('F', 'ATP binding'), ('F', 'ion channel binding'), ('F', 'potassium ion transmembrane transporter activity'), ('F', 'sulfonylurea receptor activity'), ('P', 'carbohydrate metabolic process'), ('P', 'energy reserve metabolic process'), ('P', 'potassium ion transmembrane transport'), ('P', 'potassium ion transport'), ('P', 'regulation of insulin secretion'), ('P', 'signal transduction'), ('P', 'small molecule metabolic process'), ('P', 'synaptic transmission'), ('P', 'transmembrane transport')]"
MGP004107,"[('C', 'ATP-sensitive potassium channel complex'), ('C', 'plasma membrane'), ('C', 'sarcolemma'), ('C', 'sarcomere'), ('C', 'voltage-gated potassium channel complex'), ('F', 'ATPase activity, coupled to transmembrane movement of substances'), ('F', 'ATP binding'), ('F', 'ion channel binding'), ('F', 'potassium channel activity'), ('F', 'potassium channel regulator activity'), ('F', 'sulfonylurea receptor activity'), ('F', 'transporter activity'), ('P', 'defense response to virus'), ('P', 'potassium ion import'), ('P', 'potassium ion transport'), ('P', 'signal transduction'), ('P', 'synaptic transmission'), ('P', 'transmembrane transport')]"
MGP000115,"[('C', 'cytoplasm'), ('C', 'cytosol'), ('C', 'integral component of peroxisomal membrane'), ('C', 'membrane'), ('C', 'mitochondrion'), ('C', 'perinuclear region of cytoplasm'), ('C', 'peroxisomal membrane'), ('C', 'peroxisome'), ('F', 'ATPase activity'), ('F', 'ATPase activity, coupled to transmembrane movement of substances'), ('F', 'ATP binding'), ('F', 'enzyme binding'), ('F', 'identical protein binding'), ('F', 'peroxisomal fatty-acyl-CoA transporter activity'), ('F', 'protein homodimerization activity'), ('F', 'transporter activity'), ('P', 'alpha-linolenic acid metabolic process'), ('P', 'ATP catabolic process'), ('P', 'cellular lipid metabolic process'), ('P', 'fatty acid beta-oxidation'), ('P', 'fatty acid beta-oxidation using acyl-CoA oxidase'), ('P', 'linoleic acid metabolic process'), ('P', 'long-chain fatty acid catabolic process'), ('P', 'peroxisomal long-chain fatty acid import'), ('P', 'peroxisomal membrane transport'), ('P', 'peroxisome organization'), ('P', 'small molecule metabolic process'), ('P', 'transmembrane transport'), ('P', 'unsaturated fatty acid metabolic process'), ('P', 'very long-chain fatty acid catabolic process')]"
MGP000123,"[('C', 'cytosol'), ('C', 'integral component of membrane'), ('C', 'intracellular membrane-bounded organelle'), ('C', 'mitochondrion'), ('C', 'peroxisomal membrane'), ('C', 'peroxisome'), ('F', 'ATPase activity, coupled to transmembrane movement of substances'), ('F', 'ATP binding'), ('F', 'protein homodimerization activity'), ('P', 'fatty acid beta-oxidation'), ('P', 'positive regulation of fatty acid beta-oxidation'), ('P', 'transmembrane transport'), ('P', 'very long-chain fatty acid catabolic process'), ('P', 'very long-chain fatty acid metabolic process')]"
MGP002540,"[('C', 'cytosol'), ('C', 'integral component of membrane'), ('C', 'intracellular membrane-bounded organelle'), ('C', 'membrane'), ('C', 'mitochondrial inner membrane'), ('C', 'peroxisomal matrix'), ('C', 'peroxisomal membrane'), ('C', 'peroxisome'), ('F', 'ATPase activity'), ('F', 'ATPase activity, coupled to transmembrane movement of substances'), ('F', 'ATP binding'), ('F', 'protein homodimerization activity'), ('P', 'ATP catabolic process'), ('P', 'fatty acid beta-oxidation'), ('P', 'peroxisome organization'), ('P', 'transmembrane transport'), ('P', 'very long-chain fatty acid catabolic process')]"
MGP002541,"[('C', 'ATP-binding cassette (ABC) transporter complex'), ('C', 'endoplasmic reticulum membrane'), ('C', 'integral component of membrane'), ('C', 'peroxisomal membrane'), ('C', 'peroxisome'), ('F', 'ATPase activity, coupled to transmembrane movement of substances'), ('F', 'ATP binding'), ('P', 'cobalamin metabolic process'), ('P', 'transmembrane transport')]"
MGP003958,"[('C', 'endoplasmic reticulum membrane'), ('C', 'endosome'), ('C', 'external side of plasma membrane'), ('C', 'Golgi apparatus'), ('C', 'Golgi membrane'), ('C', 'integral component of plasma membrane'), ('C', 'intracellular membrane-bounded organelle'), ('C', 'mitochondrion'), ('C', 'nucleoplasm'), ('C', 'plasma membrane'), ('C', 'recycling endosome'), ('F', 'ADP binding'), ('F', 'ATP binding'), ('F', 'cholesterol binding'), ('F', 'cholesterol transporter activity'), ('F', 'glycoprotein transporter activity'), ('F', 'phospholipid binding'), ('F', 'phospholipid transporter activity'), ('F', 'protein dimerization activity'), ('F', 'protein heterodimerization activity'), ('F', 'protein homodimerization activity'), ('F', 'sterol-transporting ATPase activity'), ('F', 'toxin transporter activity'), ('P', 'amyloid precursor protein catabolic process'), ('P', 'cholesterol efflux'), ('P', 'cholesterol homeostasis'), ('P', 'cholesterol metabolic process'), ('P', 'detection of hormone stimulus'), ('P', 'glycoprotein transport'), ('P', 'high-density lipoprotein particle remodeling'), ('P', 'intracellular cholesterol transport'), ('P', 'lipoprotein metabolic process'), ('P', 'low-density lipoprotein particle remodeling'), ('P', 'negative regulation of cholesterol storage'), ('P', 'negative regulation of macrophage derived foam cell differentiation'), ('P', 'phospholipid efflux'), ('P', 'phospholipid homeostasis'), ('P', 'positive regulation of cholesterol biosynthetic process'), ('P', 'positive regulation of cholesterol efflux'), ('P', 'regulation of cholesterol esterification'), ('P', 'regulation of transcription, DNA-templated'), ('P', 'response to high density lipoprotein particle'), ('P', 'response to lipid'), ('P', 'response to organic substance'), ('P', 'reverse cholesterol transport'), ('P', 'small molecule metabolic process'), ('P', 'toxin transport'), ('P', 'transmembrane transport')]"
MGP003897,"[('C', 'integral component of membrane'), ('C', 'mitochondrial membrane'), ('C', 'nucleoplasm'), ('C', 'nucleus'), ('C', 'plasma membrane'), ('F', 'ATPase activity, coupled to transmembrane movement of substances'), ('F', 'ATP binding'), ('F', 'heme transporter activity'), ('F', 'protein homodimerization activity'), ('F', 'transporter activity'), ('F', 'xenobiotic-transporting ATPase activity'), ('P', 'cellular iron ion homeostasis'), ('P', 'drug transmembrane transport'), ('P', 'heme transport'), ('P', 'response to drug'), ('P', 'small molecule metabolic process'), ('P', 'transmembrane transport'), ('P', 'transport'), ('P', 'urate metabolic process'), ('P', 'xenobiotic transport')]"
MGP005747,"[('C', 'integral component of membrane'), ('C', 'plasma membrane'), ('F', 'ATPase activity'), ('F', 'ATP binding'), ('F', 'cholesterol transporter activity'), ('F', 'protein heterodimerization activity'), ('F', 'protein homodimerization activity'), ('P', 'cholesterol efflux'), ('P', 'transmembrane transport')]"
MGP005762,"[('C', 'apical plasma membrane'), ('C', 'ATP-binding cassette (ABC) transporter complex'), ('C', 'plasma membrane'), ('C', 'receptor complex'), ('F', 'ATPase activity'), ('F', 'ATP binding'), ('F', 'cholesterol transporter activity'), ('F', 'protein heterodimerization activity'), ('P', 'ATP catabolic process'), ('P', 'cholesterol efflux'), ('P', 'cholesterol homeostasis'), ('P', 'excretion'), ('P', 'intestinal cholesterol absorption'), ('P', 'negative regulation of intestinal cholesterol absorption'), ('P', 'negative regulation of intestinal phytosterol absorption'), ('P', 'response to drug'), ('P', 'response to ionizing radiation'), ('P', 'response to nutrient'), ('P', 'small molecule metabolic process'), ('P', 'sterol transport'), ('P', 'transmembrane transport')]"
MGP005763,"[('C', 'apical plasma membrane'), ('C', 'ATP-binding cassette (ABC) transporter complex'), ('C', 'plasma membrane'), ('C', 'receptor complex'), ('F', 'ATPase activity'), ('F', 'ATP binding'), ('F', 'protein heterodimerization activity'), ('F', 'sterol transporter activity'), ('P', 'ATP catabolic process'), ('P', 'cholesterol efflux'), ('P', 'cholesterol homeostasis'), ('P', 'excretion'), ('P', 'intestinal cholesterol absorption'), ('P', 'negative regulation of intestinal cholesterol absorption'), ('P', 'negative regulation of intestinal phytosterol absorption'), ('P', 'phospholipid transport'), ('P', 'response to drug'), ('P', 'response to nutrient'), ('P', 'small molecule metabolic process'), ('P', 'sterol transport'), ('P', 'transmembrane transport')]"
MGP005118,"[('C', 'cytoplasm'), ('C', 'cytosol'), ('C', 'intracellular membrane-bounded organelle'), ('C', 'lipid particle'), ('C', 'nucleus'), ('F', '1-acylglycerol-3-phosphate O-acyltransferase activity'), ('F', 'lysophosphatidic acid acyltransferase activity'), ('P', 'cell differentiation'), ('P', 'fatty acid metabolic process'), ('P', 'negative regulation of sequestering of triglyceride'), ('P', 'phosphatidic acid biosynthetic process'), ('P', 'positive regulation of lipoprotein lipase activity'), ('P', 'positive regulation of triglyceride catabolic process'), ('P', 'small molecule metabolic process'), ('P', 'triglyceride catabolic process')]"
MGP004083,"[('C', 'cell junction'), ('C', 'cytoskeleton'), ('C', 'cytosol'), ('C', 'endoplasmic reticulum'), ('C', 'extracellular vesicular exosome'), ('C', 'filopodium'), ('C', 'growth cone'), ('C', 'intracellular'), ('C', 'lamellipodium'), ('C', 'nucleus'), ('C', 'postsynaptic density'), ('C', 'postsynaptic membrane'), ('C', 'SCAR complex'), ('F', 'cytoskeletal protein binding'), ('F', 'protein complex binding'), ('F', 'protein tyrosine kinase activator activity'), ('P', 'actin polymerization or depolymerization'), ('P', 'cellular component movement'), ('P', 'Fc-gamma receptor signaling pathway involved in phagocytosis'), ('P', 'innate immune response'), ('P', 'lamellipodium morphogenesis'), ('P', 'megakaryocyte development'), ('P', 'negative regulation of cell proliferation'), ('P', 'peptidyl-tyrosine phosphorylation'), ('P', 'somitogenesis'), ('P', 'transmembrane receptor protein tyrosine kinase signaling pathway')]"
MGP004142,"[('C', 'cytoplasm'), ('C', 'cytoskeleton'), ('C', 'cytosol'), ('C', 'filopodium'), ('C', 'lamellipodium'), ('C', 'SCAR complex'), ('F', 'cytoskeletal adaptor activity'), ('F', 'DNA binding'), ('F', 'kinase binding'), ('F', 'proline-rich region binding'), ('F', 'protein complex binding'), ('F', 'SH3 domain binding'), ('F', 'ubiquitin protein ligase binding'), ('P', 'actin polymerization or depolymerization'), ('P', 'cell migration'), ('P', 'cellular component movement'), ('P', 'cytoskeleton organization'), ('P', 'peptidyl-tyrosine phosphorylation'), ('P', 'positive regulation of Arp2/3 complex-mediated actin nucleation'), ('P', 'Rac protein signal transduction')]"
MGP000011,"[('C', 'actin cytoskeleton'), ('C', 'cell leading edge'), ('C', 'cytoplasm'), ('C', 'cytosol'), ('C', 'extrinsic component of cytoplasmic side of plasma membrane'), ('C', 'mitochondrion'), ('C', 'nuclear membrane'), ('C', 'nucleolus'), ('C', 'nucleoplasm'), ('C', 'nucleus'), ('C', 'perinuclear region of cytoplasm'), ('F', 'actin monomer binding'), ('F', 'ATP binding'), ('F', 'DNA binding'), ('F', 'magnesium ion binding'), ('F', 'manganese ion binding'), ('F', 'mitogen-activated protein kinase binding'), ('F', 'nicotinate-nucleotide adenylyltransferase activity'), ('F', 'non-membrane spanning protein tyrosine kinase activity'), ('F', 'proline-rich region binding'), ('F', 'protein C-terminus binding'), ('F', 'protein kinase activity'), ('F', 'protein tyrosine kinase activity'), ('F', 'receptor binding'), ('F', 'SH3 domain binding'), ('F', 'syntaxin binding'), ('P', 'actin cytoskeleton organization'), ('P', 'autophagy'), ('P', 'axon guidance'), ('P', 'blood coagulation'), ('P', 'cell adhesion'), ('P', 'cell cycle arrest'), ('P', 'cell differentiation'), ('P', 'cell migration'), ('P', 'cellular protein modification process'), ('P', 'cellular response to DNA damage stimulus'), ('P', 'cellular response to dopamine'), ('P', 'cellular response to oxidative stress'), ('P', 'DNA damage induced protein phosphorylation'), ('P', 'epidermal growth factor receptor signaling pathway'), ('P', 'Fc-gamma receptor signaling pathway involved in phagocytosis'), ('P', 'innate immune response'), ('P', 'intrinsic apoptotic signaling pathway in response to DNA damage'), ('P', 'mismatch repair'), ('P', 'mitochondrial depolarization'), ('P', 'mitotic nuclear division'), ('P', 'muscle cell differentiation'), ('P', 'negative regulation of phospholipase C activity'), ('P', 'negative regulation of protein serine/threonine kinase activity'), ('P', 'negative regulation of ubiquitin-protein transferase activity'), ('P', 'peptidyl-tyrosine autophosphorylation'), ('P', 'peptidyl-tyrosine phosphorylation'), ('P', 'platelet-derived growth factor receptor signaling pathway'), ('P', 'positive regulation of apoptotic process'), ('P', 'positive regulation of cytosolic calcium ion concentration'), ('P', 'positive regulation of muscle cell differentiation'), ('P', 'positive regulation of oxidoreductase activity'), ('P', 'positive regulation of peptidyl-tyrosine phosphorylation'), ('P', 'regulation of actin cytoskeleton reorganization'), ('P', 'regulation of autophagy'), ('P', 'regulation of cell adhesion'), ('P', 'regulation of cell motility'), ('P', 'regulation of cell proliferation'), ('P', 'regulation of endocytosis'), ('P', 'regulation of response to DNA damage stimulus'), ('P', 'regulation of transcription, DNA-templated'), ('P', 'response to oxidative stress'), ('P', 'signal transduction in response to DNA damage')]"
MGP000013,"[('C', 'actin cytoskeleton'), ('C', 'cytosol'), ('F', 'actin filament binding'), ('F', 'actin monomer binding'), ('F', 'ATP binding'), ('F', 'magnesium ion binding'), ('F', 'manganese ion binding'), ('F', 'non-membrane spanning protein tyrosine kinase activity'), ('F', 'protein kinase activity'), ('F', 'protein tyrosine kinase activity'), ('P', 'actin filament bundle assembly'), ('P', 'axon guidance'), ('P', 'cell adhesion'), ('P', 'cellular protein modification process'), ('P', 'cellular response to retinoic acid'), ('P', 'peptidyl-tyrosine phosphorylation'), ('P', 'positive regulation of cytosolic calcium ion concentration'), ('P', 'positive regulation of neuron projection development'), ('P', 'positive regulation of oxidoreductase activity'), ('P', 'positive regulation of phospholipase C activity'), ('P', 'regulation of actin cytoskeleton reorganization'), ('P', 'regulation of autophagy'), ('P', 'regulation of cell adhesion'), ('P', 'regulation of cell motility'), ('P', 'regulation of endocytosis'), ('P', 'signal transduction')]"
MGP001819,"[('C', 'actin cytoskeleton'), ('C', 'cytoplasm'), ('C', 'lamellipodium'), ('C', 'stress fiber'), ('F', 'actin binding'), ('F', 'zinc ion binding'), ('P', 'axon guidance'), ('P', 'cilium assembly'), ('P', 'cytoskeleton organization'), ('P', 'lamellipodium assembly'), ('P', 'organ morphogenesis'), ('P', 'positive regulation of transcription from RNA polymerase II promoter'), ('P', 'visual perception')]"
MGP006135,"[('C', 'actin cytoskeleton'), ('C', 'myofibril'), ('F', 'zinc ion binding'), ('P', 'actin cytoskeleton organization'), ('P', 'axon guidance'), ('P', 'positive regulation of transcription from RNA polymerase II promoter'), ('P', 'transcription, DNA-templated')]"
MGP004532,"[('C', 'cytoplasm'), ('C', 'lamellipodium'), ('C', 'stress fiber'), ('F', 'zinc ion binding'), ('P', 'actin cytoskeleton organization'), ('P', 'axon guidance'), ('P', 'cilium assembly'), ('P', 'lamellipodium assembly'), ('P', 'positive regulation of transcription from RNA polymerase II promoter'), ('P', 'transcription, DNA-templated')]"
MGP000014,"[('C', 'cytosol'), ('C', 'membrane'), ('C', 'plasma membrane'), ('F', 'GTPase activator activity'), ('F', 'Rac GTPase activator activity'), ('F', 'Rho guanyl-nucleotide exchange factor activity'), ('P', 'actin cytoskeleton organization'), ('P', 'apoptotic signaling pathway'), ('P', 'brain development'), ('P', 'inner ear morphogenesis'), ('P', 'negative regulation of cell migration'), ('P', 'negative regulation of inflammatory response'), ('P', 'negative regulation of neutrophil degranulation'), ('P', 'neuromuscular process controlling balance'), ('P', 'neurotrophin TRK receptor signaling pathway'), ('P', 'positive regulation of apoptotic process'), ('P', 'positive regulation of phagocytosis'), ('P', 'regulation of small GTPase mediated signal transduction'), ('P', 'response to lipopolysaccharide'), ('P', 'small GTPase mediated signal transduction')]"
MGP000015,"[('C', 'intracellular membrane-bounded organelle'), ('C', 'membrane'), ('C', 'peroxisomal matrix'), ('C', 'peroxisome'), ('F', 'acetyl-CoA C-acyltransferase activity'), ('F', 'palmitoyl-CoA oxidase activity'), ('P', 'alpha-linolenic acid metabolic process'), ('P', 'bile acid metabolic process'), ('P', 'cellular lipid metabolic process'), ('P', 'fatty acid beta-oxidation'), ('P', 'fatty acid beta-oxidation using acyl-CoA oxidase'), ('P', 'small molecule metabolic process'), ('P', 'unsaturated fatty acid metabolic process'), ('P', 'very long-chain fatty acid metabolic process')]"
MGP004244,"[('C', 'extracellular vesicular exosome'), ('C', 'mitochondrial inner membrane'), ('C', 'mitochondrion'), ('F', 'acetyl-CoA C-acyltransferase activity'), ('F', 'poly(A) RNA binding'), ('P', 'cellular response to hypoxia'), ('P', 'cholesterol biosynthetic process'), ('P', 'fatty acid metabolic process'), ('P', 'negative regulation of mitochondrial membrane permeability involved in apoptotic process'), ('P', 'negative regulation of mitochondrial outer membrane permeabilization involved in apoptotic signaling pathway')]"
MGP000016,"[('C', 'actin cytoskeleton'), ('C', 'cytoplasm'), ('C', 'cytosol'), ('C', 'extracellular vesicular exosome'), ('C', 'mitochondrion'), ('C', 'nucleolus'), ('F', 'acetyl-CoA carboxylase activity'), ('F', 'ATP binding'), ('F', 'biotin carboxylase activity'), ('F', 'metal ion binding'), ('P', 'acetyl-CoA metabolic process'), ('P', 'biotin metabolic process'), ('P', 'carnitine shuttle'), ('P', 'cellular lipid metabolic process'), ('P', 'energy reserve metabolic process'), ('P', 'fatty acid biosynthetic process'), ('P', 'lipid homeostasis'), ('P', 'long-chain fatty-acyl-CoA biosynthetic process'), ('P', 'malonyl-CoA biosynthetic process'), ('P', 'multicellular organismal protein metabolic process'), ('P', 'positive regulation of cellular metabolic process'), ('P', 'protein homotetramerization'), ('P', 'small molecule metabolic process'), ('P', 'tissue homeostasis'), ('P', 'triglyceride biosynthetic process'), ('P', 'vitamin metabolic process'), ('P', 'water-soluble vitamin metabolic process')]"
MGP000017,"[('C', 'cytosol'), ('C', 'endomembrane system'), ('C', 'mitochondrial outer membrane'), ('C', 'mitochondrion'), ('C', 'nucleus'), ('F', 'acetyl-CoA carboxylase activity'), ('F', 'ATP binding'), ('F', 'biotin binding'), ('F', 'biotin carboxylase activity'), ('F', 'metal ion binding'), ('P', 'acetyl-CoA metabolic process'), ('P', 'biotin metabolic process'), ('P', 'carnitine shuttle'), ('P', 'cellular lipid metabolic process'), ('P', 'energy reserve metabolic process'), ('P', 'fatty acid biosynthetic process'), ('P', 'malonyl-CoA biosynthetic process'), ('P', 'positive regulation of cellular metabolic process'), ('P', 'protein homotetramerization'), ('P', 'response to drug'), ('P', 'response to organic cyclic compound'), ('P', 'small molecule metabolic process'), ('P', 'vitamin metabolic process'), ('P', 'water-soluble vitamin metabolic process')]"
MGP004906,"[('C', 'mitochondrial matrix'), ('F', 'acyl-CoA dehydrogenase activity'), ('F', 'flavin adenine dinucleotide binding'), ('P', 'branched-chain amino acid catabolic process'), ('P', 'cellular nitrogen compound metabolic process'), ('P', 'lipid metabolic process'), ('P', 'regulation of transcription, DNA-templated'), ('P', 'small molecule metabolic process'), ('P', 'transcription, DNA-templated'), ('P', 'valine catabolic process')]"
MGP000018,"[('C', 'cytoplasm'), ('C', 'mitochondrial matrix'), ('C', 'mitochondrial membrane'), ('C', 'mitochondrion'), ('F', 'acyl-CoA dehydrogenase activity'), ('F', 'fatty-acyl-CoA binding'), ('F', 'flavin adenine dinucleotide binding'), ('F', 'long-chain-acyl-CoA dehydrogenase activity'), ('F', 'palmitoyl-CoA oxidase activity'), ('P', 'carnitine catabolic process'), ('P', 'carnitine metabolic process, CoA-linked'), ('P', 'cellular lipid catabolic process'), ('P', 'cellular lipid metabolic process'), ('P', 'fatty acid beta-oxidation'), ('P', 'fatty acid beta-oxidation using acyl-CoA dehydrogenase'), ('P', 'long-chain fatty acid catabolic process'), ('P', 'negative regulation of fatty acid biosynthetic process'), ('P', 'negative regulation of fatty acid oxidation'), ('P', 'oxidation-reduction process'), ('P', 'protein homotetramerization'), ('P', 'regulation of cholesterol metabolic process'), ('P', 'small molecule metabolic process'), ('P', 'temperature homeostasis')]"
MGP000019,"[('C', 'axon'), ('C', 'extracellular vesicular exosome'), ('C', 'mitochondrial matrix'), ('C', 'mitochondrion'), ('C', 'nucleus'), ('F', 'acyl-CoA dehydrogenase activity'), ('F', 'flavin adenine dinucleotide binding'), ('F', 'identical protein binding'), ('F', 'medium-chain-acyl-CoA dehydrogenase activity'), ('P', 'carnitine biosynthetic process'), ('P', 'carnitine metabolic process, CoA-linked'), ('P', 'cellular lipid metabolic process'), ('P', 'fatty acid beta-oxidation'), ('P', 'fatty acid beta-oxidation using acyl-CoA dehydrogenase'), ('P', 'medium-chain fatty acid catabolic process'), ('P', 'medium-chain fatty acid metabolic process'), ('P', 'oxidation-reduction process'), ('P', 'small molecule metabolic process')]"
MGP000020,"[('C', 'mitochondrial matrix'), ('C', 'mitochondrial membrane'), ('C', 'mitochondrion'), ('C', 'nucleus'), ('F', 'acyl-CoA dehydrogenase activity'), ('F', 'butyryl-CoA dehydrogenase activity'), ('F', 'fatty-acyl-CoA binding'), ('F', 'flavin adenine dinucleotide binding'), ('P', 'butyrate catabolic process'), ('P', 'cellular lipid metabolic process'), ('P', 'fatty acid beta-oxidation'), ('P', 'fatty acid beta-oxidation using acyl-CoA dehydrogenase'), ('P', 'protein homotetramerization'), ('P', 'response to glucocorticoid'), ('P', 'response to starvation'), ('P', 'small molecule metabolic process')]"
MGP000021,"[('C', 'extracellular vesicular exosome'), ('C', 'mitochondrial matrix'), ('C', 'mitochondrion'), ('F', 'acyl-CoA dehydrogenase activity'), ('F', 'flavin adenine dinucleotide binding'), ('P', 'branched-chain amino acid catabolic process'), ('P', 'cellular nitrogen compound metabolic process'), ('P', 'fatty acid metabolic process'), ('P', 'small molecule metabolic process')]"
MGP000022,"[('C', 'cytoplasm'), ('C', 'mitochondrial inner membrane'), ('C', 'mitochondrial matrix'), ('C', 'mitochondrial nucleoid'), ('C', 'mitochondrion'), ('C', 'nucleolus'), ('C', 'nucleus'), ('F', 'acyl-CoA dehydrogenase activity'), ('F', 'flavin adenine dinucleotide binding'), ('F', 'long-chain-acyl-CoA dehydrogenase activity'), ('P', 'activation of signaling protein activity involved in unfolded protein response'), ('P', 'cellular lipid metabolic process'), ('P', 'cellular protein metabolic process'), ('P', 'endoplasmic reticulum unfolded protein response'), ('P', 'energy derivation by oxidation of organic compounds'), ('P', 'epithelial cell differentiation'), ('P', 'fatty acid beta-oxidation'), ('P', 'fatty acid beta-oxidation using acyl-CoA dehydrogenase'), ('P', 'negative regulation of fatty acid biosynthetic process'), ('P', 'negative regulation of fatty acid oxidation'), ('P', 'regulation of cholesterol metabolic process'), ('P', 'small molecule metabolic process'), ('P', 'temperature homeostasis')]"
MGP000023,"[('C', 'extracellular vesicular exosome'), ('C', 'mitochondrial inner membrane'), ('C', 'mitochondrial matrix'), ('C', 'mitochondrion'), ('F', 'acetyl-CoA C-acetyltransferase activity'), ('F', 'coenzyme binding'), ('F', 'metal ion binding'), ('P', 'adipose tissue development'), ('P', 'brain development'), ('P', 'branched-chain amino acid catabolic process'), ('P', 'cellular ketone body metabolic process'), ('P', 'cellular lipid metabolic process'), ('P', 'cellular nitrogen compound metabolic process'), ('P', 'ketone body biosynthetic process'), ('P', 'ketone body catabolic process'), ('P', 'liver development'), ('P', 'metanephric proximal convoluted tubule development'), ('P', 'protein homooligomerization'), ('P', 'response to hormone'), ('P', 'response to organic cyclic compound'), ('P', 'response to starvation'), ('P', 'small molecule metabolic process')]"
MGP000024,"[('C', 'cytoplasm'), ('C', 'extracellular vesicular exosome'), ('C', 'nucleolus'), ('C', 'nucleoplasm'), ('C', 'nucleus'), ('F', 'acetyl-CoA C-acetyltransferase activity'), ('P', 'lipid metabolic process')]"
MGP005824,"[('C', 'chromosome, telomeric region'), ('C', 'cytoplasm'), ('C', 'nuclear telomere cap complex'), ('C', 'nucleoplasm'), ('C', 'nucleus'), ('F', 'DNA binding'), ('F', 'DNA polymerase binding'), ('P', 'intracellular protein transport'), ('P', 'negative regulation of telomere maintenance via telomerase'), ('P', 'positive regulation of single-stranded telomeric DNA binding'), ('P', 'positive regulation of telomerase activity'), ('P', 'protection from non-homologous end joining at telomere'), ('P', 'protein localization to chromosome, telomeric region'), ('P', 'telomere assembly'), ('P', 'telomere capping'), ('P', 'telomere maintenance')]"
MGP000798,"[('C', 'endosome'), ('C', 'external side of plasma membrane'), ('C', 'extracellular region'), ('C', 'extracellular space'), ('C', 'extracellular vesicular exosome'), ('C', 'integral component of membrane'), ('C', 'plasma membrane'), ('F', 'actin binding'), ('F', 'bradykinin receptor binding'), ('F', 'carboxypeptidase activity'), ('F', 'chloride ion binding'), ('F', 'drug binding'), ('F', 'endopeptidase activity'), ('F', 'metallopeptidase activity'), ('F', 'peptidyl-dipeptidase activity'), ('F', 'zinc ion binding'), ('P', 'angiotensin catabolic process in blood'), ('P', 'angiotensin maturation'), ('P', 'arachidonic acid secretion'), ('P', 'blood vessel remodeling'), ('P', 'cellular protein metabolic process'), ('P', 'hematopoietic stem cell differentiation'), ('P', 'hormone catabolic process'), ('P', 'kidney development'), ('P', 'mononuclear cell proliferation'), ('P', 'peptide catabolic process'), ('P', 'regulation of blood pressure'), ('P', 'regulation of renal output by angiotensin'), ('P', 'regulation of smooth muscle cell migration'), ('P', 'regulation of systemic arterial blood pressure by renin-angiotensin'), ('P', 'regulation of vasoconstriction'), ('P', 'regulation of vasodilation')]"
MGP005699,"[('C', 'cell surface'), ('C', 'cytoplasm'), ('C', 'extracellular region'), ('C', 'extracellular space'), ('C', 'extracellular vesicular exosome'), ('C', 'integral component of membrane'), ('C', 'membrane raft'), ('C', 'plasma membrane'), ('F', 'carboxypeptidase activity'), ('F', 'endopeptidase activity'), ('F', 'glycoprotein binding'), ('F', 'peptide hormone binding'), ('F', 'virus receptor activity'), ('F', 'zinc ion binding'), ('P', 'angiotensin catabolic process in blood'), ('P', 'angiotensin maturation'), ('P', 'angiotensin-mediated drinking behavior'), ('P', 'cellular protein metabolic process'), ('P', 'maternal process involved in female pregnancy'), ('P', 'positive regulation of reactive oxygen species metabolic process'), ('P', 'receptor biosynthetic process'), ('P', 'receptor-mediated virion attachment to host cell'), ('P', 'regulation of cell proliferation'), ('P', 'regulation of cytokine production'), ('P', 'regulation of inflammatory response'), ('P', 'regulation of systemic arterial blood pressure by renin-angiotensin'), ('P', 'regulation of vasoconstriction'), ('P', 'regulation of vasodilation'), ('P', 'response to virus'), ('P', 'viral entry into host cell')]"
MGP006458,"[('C', 'endoplasmic reticulum'), ('C', 'endoplasmic reticulum membrane'), ('C', 'integral component of membrane'), ('F', 'ceramidase activity'), ('F', 'dihydroceramidase activity'), ('P', 'cell differentiation'), ('P', 'cellular response to calcium ion'), ('P', 'ceramide catabolic process'), ('P', 'epidermis development'), ('P', 'keratinocyte differentiation'), ('P', 'regulation of lipid metabolic process'), ('P', 'response to alkaline pH'), ('P', 'small molecule metabolic process'), ('P', 'sphingolipid biosynthetic process'), ('P', 'sphingolipid metabolic process'), ('P', 'sphingosine biosynthetic process')]"
MGP007013,"[('C', 'Golgi apparatus'), ('C', 'Golgi membrane'), ('C', 'integral component of Golgi membrane'), ('F', 'ceramidase activity'), ('F', 'dihydroceramidase activity'), ('P', 'activation of cysteine-type endopeptidase activity involved in apoptotic process'), ('P', 'cellular response to drug'), ('P', 'ceramide metabolic process'), ('P', 'negative regulation of cell adhesion mediated by integrin'), ('P', 'negative regulation of cell-matrix adhesion'), ('P', 'negative regulation of protein glycosylation in Golgi'), ('P', 'positive regulation of cell death'), ('P', 'positive regulation of cell proliferation'), ('P', 'response to retinoic acid'), ('P', 'small molecule metabolic process'), ('P', 'sphingolipid biosynthetic process'), ('P', 'sphingolipid metabolic process'), ('P', 'sphingosine biosynthetic process')]"
MGP005421,"[('C', 'endoplasmic reticulum membrane'), ('C', 'integral component of endoplasmic reticulum membrane'), ('C', 'integral component of Golgi membrane'), ('F', 'phytoceramidase activity'), ('P', 'ceramide metabolic process'), ('P', 'phytosphingosine biosynthetic process'), ('P', 'positive regulation of cell proliferation'), ('P', 'small molecule metabolic process'), ('P', 'sphingolipid biosynthetic process'), ('P', 'sphingolipid metabolic process'), ('P', 'sphingosine biosynthetic process')]"
MGP000027,"[('C', 'anchored component of membrane'), ('C', 'basal lamina'), ('C', 'cell junction'), ('C', 'cell surface'), ('C', 'extracellular region'), ('C', 'extracellular space'), ('C', 'Golgi apparatus'), ('C', 'membrane'), ('C', 'neuromuscular junction'), ('C', 'nucleus'), ('C', 'perinuclear region of cytoplasm'), ('C', 'plasma membrane'), ('C', 'synapse'), ('F', 'acetylcholine binding'), ('F', 'acetylcholinesterase activity'), ('F', 'beta-amyloid binding'), ('F', 'cholinesterase activity'), ('F', 'collagen binding'), ('F', 'hydrolase activity'), ('F', 'laminin binding'), ('F', 'protein homodimerization activity'), ('F', 'serine hydrolase activity'), ('P', 'acetylcholine catabolic process'), ('P', 'acetylcholine catabolic process in synaptic cleft'), ('P', 'amyloid precursor protein metabolic process'), ('P', 'cell adhesion'), ('P', 'cell proliferation'), ('P', 'DNA replication'), ('P', 'glycerophospholipid biosynthetic process'), ('P', 'muscle organ development'), ('P', 'negative regulation of synaptic transmission, cholinergic'), ('P', 'nervous system development'), ('P', 'neurotransmitter biosynthetic process'), ('P', 'neurotransmitter receptor biosynthetic process'), ('P', 'osteoblast development'), ('P', 'phosphatidylcholine biosynthetic process'), ('P', 'phospholipid metabolic process'), ('P', 'positive regulation of protein secretion'), ('P', 'protein tetramerization'), ('P', 'receptor internalization'), ('P', 'regulation of receptor recycling'), ('P', 'response to wounding'), ('P', 'retina development in camera-type eye'), ('P', 'small molecule metabolic process'), ('P', 'synapse assembly'), ('P', 'synaptic transmission')]"
MGP004557,"[('C', 'ASAP complex'), ('C', 'cytoplasm'), ('C', 'cytosol'), ('C', 'nuclear speck'), ('C', 'nucleolus'), ('C', 'nucleoplasm'), ('C', 'nucleus'), ('C', 'plasma membrane'), ('F', 'ATPase activity'), ('F', 'enzyme binding'), ('F', 'nucleic acid binding'), ('F', 'nucleotide binding'), ('F', 'poly(A) RNA binding'), ('P', 'apoptotic chromosome condensation'), ('P', 'apoptotic process'), ('P', 'ATP catabolic process'), ('P', 'cellular component disassembly involved in execution phase of apoptosis'), ('P', 'erythrocyte differentiation'), ('P', 'mRNA processing'), ('P', 'negative regulation of mRNA splicing, via spliceosome'), ('P', 'positive regulation of apoptotic process'), ('P', 'positive regulation of monocyte differentiation'), ('P', 'RNA splicing')]"
MGP001117,"[('C', 'early endosome'), ('C', 'integral component of membrane'), ('C', 'plasma membrane'), ('C', 'recycling endosome'), ('F', 'C-C chemokine binding'), ('F', 'G-protein coupled receptor activity'), ('F', 'receptor activity'), ('F', 'transmembrane signaling receptor activity'), ('P', 'chemokine-mediated signaling pathway'), ('P', 'defense response'), ('P', 'inflammatory response'), ('P', 'regulation of chemokine production')]"
MGP000604,"[('C', 'actin filament'), ('C', 'early endosome'), ('C', 'integral component of plasma membrane'), ('C', 'plasma membrane'), ('C', 'recycling endosome'), ('F', 'C-C chemokine receptor activity'), ('F', 'chemokine receptor activity'), ('F', 'C-X-C chemokine receptor activity'), ('F', 'scavenger receptor activity'), ('P', 'chemokine-mediated signaling pathway'), ('P', 'chemotaxis'), ('P', 'G-protein coupled receptor signaling pathway'), ('P', 'immune response'), ('P', 'inflammatory response'), ('P', 'multicellular organismal development'), ('P', 'neutrophil activation'), ('P', 'receptor-mediated endocytosis')]"
MGP005585,"[('C', 'cell surface'), ('C', 'coated pit'), ('C', 'early endosome'), ('C', 'endosome'), ('C', 'integral component of membrane'), ('C', 'perinuclear region of cytoplasm'), ('C', 'plasma membrane'), ('C', 'recycling endosome'), ('F', 'coreceptor activity'), ('F', 'C-X-C chemokine binding'), ('F', 'C-X-C chemokine receptor activity'), ('F', 'scavenger receptor activity'), ('P', 'angiogenesis'), ('P', 'cell adhesion'), ('P', 'chemokine-mediated signaling pathway'), ('P', 'chemotaxis'), ('P', 'negative regulation of intrinsic apoptotic signaling pathway in response to DNA damage'), ('P', 'positive regulation of ERK1 and ERK2 cascade'), ('P', 'receptor internalization'), ('P', 'vasculogenesis'), ('P', 'viral process')]"
MGP005205,"[('C', 'early endosome'), ('C', 'integral component of plasma membrane'), ('C', 'plasma membrane'), ('C', 'recycling endosome'), ('F', 'chemokine receptor activity'), ('F', 'scavenger receptor activity'), ('P', 'chemokine-mediated signaling pathway'), ('P', 'chemotaxis'), ('P', 'G-protein coupled receptor signaling pathway'), ('P', 'immune response')]"
MGP000028,"[('C', 'citrate lyase complex'), ('C', 'cytoplasm'), ('C', 'cytosol'), ('C', 'extracellular vesicular exosome'), ('C', 'membrane'), ('C', 'mitochondrion'), ('C', 'nucleoplasm'), ('C', 'plasma membrane'), ('F', 'ATP binding'), ('F', 'ATP citrate synthase activity'), ('F', 'cofactor binding'), ('F', 'metal ion binding'), ('F', 'succinate-CoA ligase (ADP-forming) activity'), ('P', 'ATP catabolic process'), ('P', 'cellular carbohydrate metabolic process'), ('P', 'cellular lipid metabolic process'), ('P', 'citrate metabolic process'), ('P', 'coenzyme A metabolic process'), ('P', 'energy reserve metabolic process'), ('P', 'lipid biosynthetic process'), ('P', 'long-chain fatty-acyl-CoA biosynthetic process'), ('P', 'positive regulation of cellular metabolic process'), ('P', 'small molecule metabolic process'), ('P', 'triglyceride biosynthetic process')]"
MGP006507,"[('C', 'cytosol'), ('C', 'extracellular vesicular exosome'), ('F', 'aminocarboxymuconate-semialdehyde decarboxylase activity'), ('F', 'metal ion binding'), ('P', 'cellular nitrogen compound metabolic process'), ('P', 'quinolinate metabolic process'), ('P', 'small molecule metabolic process'), ('P', 'tryptophan catabolic process')]"
MGP000029,"[('C', 'cytoplasm'), ('C', 'cytosol'), ('C', 'endoplasmic reticulum'), ('C', 'extracellular vesicular exosome'), ('C', 'Golgi apparatus'), ('C', 'mitochondrion'), ('F', '4 iron, 4 sulfur cluster binding'), ('F', 'aconitate hydratase activity'), ('F', 'iron-responsive element binding'), ('F', 'metal ion binding'), ('F', 'RNA binding'), ('P', 'cellular iron ion homeostasis'), ('P', 'citrate metabolic process'), ('P', 'intestinal absorption'), ('P', 'post-embryonic development'), ('P', 'regulation of translation'), ('P', 'response to iron(II) ion'), ('P', 'tricarboxylic acid cycle')]"
MGP000031,"[('C', 'mitochondrial matrix'), ('C', 'mitochondrion'), ('C', 'nucleus'), ('F', '3 iron, 4 sulfur cluster binding'), ('F', '4 iron, 4 sulfur cluster binding'), ('F', 'aconitate hydratase activity'), ('F', 'iron ion binding'), ('P', 'cellular metabolic process'), ('P', 'citrate metabolic process'), ('P', 'generation of precursor metabolites and energy'), ('P', 'isocitrate metabolic process'), ('P', 'small molecule metabolic process'), ('P', 'tricarboxylic acid cycle')]"
MGP006531,"[('C', 'cytosol'), ('F', 'acetyl-CoA hydrolase activity'), ('F', 'ATP binding'), ('F', 'carboxylic ester hydrolase activity'), ('F', 'lipid binding'), ('P', 'acetyl-CoA metabolic process'), ('P', 'acyl-CoA metabolic process'), ('P', 'fatty acid metabolic process'), ('P', 'pyruvate metabolic process')]"
MGP004082,"[('C', 'mitochondrion'), ('C', 'peroxisomal matrix'), ('F', 'acyl-CoA hydrolase activity'), ('F', 'carboxylic ester hydrolase activity'), ('F', 'choloyl-CoA hydrolase activity'), ('F', 'medium-chain acyl-CoA hydrolase activity'), ('F', 'palmitoyl-CoA hydrolase activity'), ('F', 'receptor binding'), ('P', 'acyl-CoA metabolic process'), ('P', 'alpha-linolenic acid metabolic process'), ('P', 'bile acid biosynthetic process'), ('P', 'bile acid metabolic process'), ('P', 'cellular lipid metabolic process'), ('P', 'dicarboxylic acid catabolic process'), ('P', 'fatty acid beta-oxidation using acyl-CoA oxidase'), ('P', 'peroxisome fission'), ('P', 'small molecule metabolic process'), ('P', 'unsaturated fatty acid metabolic process'), ('P', 'viral process')]"
MGP003480,"[('C', 'peroxisomal matrix'), ('C', 'peroxisome'), ('F', '3alpha,7alpha,12alpha-trihydroxy-5beta-cholestanoyl-CoA 24-hydroxylase activity'), ('F', 'acyl-CoA dehydrogenase activity'), ('F', 'acyl-CoA oxidase activity'), ('F', 'flavin adenine dinucleotide binding'), ('F', 'pristanoyl-CoA oxidase activity'), ('F', 'receptor binding'), ('P', 'bile acid biosynthetic process'), ('P', 'bile acid metabolic process'), ('P', 'cellular lipid metabolic process'), ('P', 'fatty acid beta-oxidation using acyl-CoA oxidase'), ('P', 'small molecule metabolic process')]"
MGP003481,"[('C', 'membrane'), ('C', 'mitochondrion'), ('C', 'peroxisomal matrix'), ('C', 'peroxisome'), ('F', 'acyl-CoA dehydrogenase activity'), ('F', 'flavin adenine dinucleotide binding'), ('F', 'pristanoyl-CoA oxidase activity'), ('F', 'receptor binding'), ('P', 'cellular lipid metabolic process'), ('P', 'fatty acid beta-oxidation using acyl-CoA oxidase'), ('P', 'small molecule metabolic process')]"
MGP000032,"[('C', 'cytoplasm'), ('C', 'cytoplasmic side of plasma membrane'), ('C', 'extracellular vesicular exosome'), ('F', 'acid phosphatase activity'), ('F', 'non-membrane spanning protein tyrosine phosphatase activity')]"
MGP000033,"[('C', 'cytosol'), ('C', 'extracellular vesicular exosome'), ('C', 'integral component of membrane'), ('C', 'lysosome'), ('F', 'acid phosphatase activity'), ('F', 'ferric iron binding'), ('F', 'ferrous iron binding'), ('P', 'bone morphogenesis'), ('P', 'bone resorption'), ('P', 'defense response to Gram-positive bacterium'), ('P', 'negative regulation of inflammatory response'), ('P', 'negative regulation of interleukin-12 production'), ('P', 'negative regulation of interleukin-1 beta production'), ('P', 'negative regulation of nitric oxide biosynthetic process'), ('P', 'negative regulation of superoxide anion generation'), ('P', 'negative regulation of tumor necrosis factor production'), ('P', 'response to cytokine'), ('P', 'response to lipopolysaccharide'), ('P', 'riboflavin metabolic process'), ('P', 'small molecule metabolic process'), ('P', 'vitamin metabolic process'), ('P', 'water-soluble vitamin metabolic process')]"
MGP000030,"[('C', 'acrosomal matrix'), ('C', 'extracellular region'), ('C', 'Golgi-associated vesicle'), ('C', 'nucleus'), ('C', 'protein complex'), ('F', 'amidase activity'), ('F', 'copper ion binding'), ('F', 'DNA binding'), ('F', 'drug binding'), ('F', 'fucose binding'), ('F', 'mannose binding'), ('F', 'serine-type endopeptidase activity'), ('F', 'zinc ion binding'), ('P', 'acrosome matrix dispersal'), ('P', 'acrosome reaction'), ('P', 'activation of adenylate cyclase activity'), ('P', 'binding of sperm to zona pellucida'), ('P', 'multicellular organism reproduction'), ('P', 'response to steroid hormone'), ('P', 'single fertilization')]"
MGP001026,"[('C', 'endoplasmic reticulum membrane'), ('C', 'integral component of membrane'), ('C', 'membrane'), ('C', 'mitochondrial outer membrane'), ('C', 'mitochondrion'), ('C', 'peroxisomal membrane'), ('C', 'plasma membrane'), ('F', 'ATP binding'), ('F', 'long-chain fatty acid-CoA ligase activity'), ('P', 'adiponectin-activated signaling pathway'), ('P', 'alpha-linolenic acid metabolic process'), ('P', 'cellular lipid metabolic process'), ('P', 'linoleic acid metabolic process'), ('P', 'lipid biosynthetic process'), ('P', 'long-chain fatty acid import'), ('P', 'long-chain fatty acid metabolic process'), ('P', 'long-chain fatty-acyl-CoA biosynthetic process'), ('P', 'positive regulation of protein serine/threonine kinase activity'), ('P', 'response to drug'), ('P', 'response to nutrient'), ('P', 'response to oleic acid'), ('P', 'response to organic cyclic compound'), ('P', 'small molecule metabolic process'), ('P', 'triglyceride biosynthetic process'), ('P', 'unsaturated fatty acid metabolic process'), ('P', 'xenobiotic catabolic process')]"
MGP001027,"[('C', 'endoplasmic reticulum'), ('C', 'endoplasmic reticulum membrane'), ('C', 'Golgi apparatus'), ('C', 'integral component of membrane'), ('C', 'lipid particle'), ('C', 'membrane'), ('C', 'mitochondrial outer membrane'), ('C', 'perinuclear region of cytoplasm'), ('C', 'peroxisomal membrane'), ('F', 'ATP binding'), ('F', 'long-chain fatty acid-CoA ligase activity'), ('F', 'protein domain specific binding'), ('F', 'protein kinase binding'), ('P', 'brain development'), ('P', 'fatty acid biosynthetic process'), ('P', 'long-chain fatty acid import'), ('P', 'long-chain fatty acid metabolic process'), ('P', 'positive regulation of Golgi to plasma membrane protein transport'), ('P', 'positive regulation of phosphatidylcholine biosynthetic process'), ('P', 'positive regulation of secretion'), ('P', 'response to nutrient'), ('P', 'response to organic cyclic compound'), ('P', 'very-low-density lipoprotein particle assembly')]"
MGP001028,"[('C', 'cytoplasm'), ('C', 'endoplasmic reticulum membrane'), ('C', 'ER-mitochondrion membrane contact site'), ('C', 'extracellular vesicular exosome'), ('C', 'integral component of membrane'), ('C', 'lipid particle'), ('C', 'membrane'), ('C', 'mitochondrial outer membrane'), ('C', 'neuronal cell body'), ('C', 'peroxisomal membrane'), ('F', 'arachidonate-CoA ligase activity'), ('F', 'ATP binding'), ('F', 'long-chain fatty acid-CoA ligase activity'), ('F', 'very long-chain fatty acid-CoA ligase activity'), ('P', 'cellular lipid metabolic process'), ('P', 'dendritic spine development'), ('P', 'embryonic process involved in female pregnancy'), ('P', 'fatty acid transport'), ('P', 'lipid biosynthetic process'), ('P', 'lipid metabolic process'), ('P', 'long-chain fatty acid metabolic process'), ('P', 'long-chain fatty-acyl-CoA biosynthetic process'), ('P', 'negative regulation of prostaglandin secretion'), ('P', 'positive regulation of cell growth'), ('P', 'response to interleukin-15'), ('P', 'response to nutrient'), ('P', 'small molecule metabolic process'), ('P', 'triglyceride biosynthetic process')]"
MGP005237,"[('C', 'endoplasmic reticulum'), ('C', 'endoplasmic reticulum membrane'), ('C', 'integral component of membrane'), ('C', 'membrane'), ('C', 'mitochondrial inner membrane'), ('C', 'mitochondrial outer membrane'), ('C', 'mitochondrion'), ('C', 'nucleolus'), ('C', 'nucleus'), ('F', 'ATP binding'), ('F', 'long-chain fatty acid-CoA ligase activity'), ('P', 'cellular lipid metabolic process'), ('P', 'long-chain fatty acid metabolic process'), ('P', 'long-chain fatty-acyl-CoA biosynthetic process'), ('P', 'regulation of extrinsic apoptotic signaling pathway'), ('P', 'small molecule metabolic process'), ('P', 'triglyceride biosynthetic process')]"
MGP004630,"[('C', 'endoplasmic reticulum membrane'), ('C', 'integral component of membrane'), ('C', 'membrane'), ('C', 'mitochondrial outer membrane'), ('C', 'nucleus'), ('C', 'peroxisomal membrane'), ('C', 'plasma membrane'), ('F', 'ATP binding'), ('F', 'enzyme binding'), ('F', 'long-chain fatty acid-CoA ligase activity'), ('F', 'protein homodimerization activity'), ('P', 'acyl-CoA metabolic process'), ('P', 'cellular lipid metabolic process'), ('P', 'cellular response to insulin stimulus'), ('P', 'fatty acid transport'), ('P', 'long-chain fatty acid metabolic process'), ('P', 'long-chain fatty-acyl-CoA biosynthetic process'), ('P', 'neuroblast proliferation'), ('P', 'neuron development'), ('P', 'phospholipid biosynthetic process'), ('P', 'positive regulation of neuron projection development'), ('P', 'positive regulation of plasma membrane long-chain fatty acid transport'), ('P', 'positive regulation of triglyceride biosynthetic process'), ('P', 'response to gravity'), ('P', 'response to hypoxia'), ('P', 'response to nutrient'), ('P', 'response to steroid hormone'), ('P', 'small molecule metabolic process'), ('P', 'triglyceride biosynthetic process')]"
MGP006367,"[('C', 'blood microparticle'), ('C', 'extracellular vesicular exosome'), ('C', 'mitochondrial matrix'), ('F', 'acyl-CoA ligase activity'), ('F', 'ATP binding'), ('F', 'butyrate-CoA ligase activity'), ('F', 'fatty acid ligase activity'), ('F', 'GTP binding'), ('F', 'metal ion binding'), ('P', 'benzoate metabolic process'), ('P', 'butyrate metabolic process'), ('P', 'cholesterol homeostasis'), ('P', 'energy derivation by oxidation of organic compounds'), ('P', 'fatty acid biosynthetic process'), ('P', 'fatty acid oxidation'), ('P', 'small molecule metabolic process'), ('P', 'xenobiotic metabolic process')]"
MGP006443,"[('C', 'mitochondrial matrix'), ('C', 'mitochondrion'), ('F', 'ATP binding'), ('F', 'butyrate-CoA ligase activity'), ('F', 'metal ion binding'), ('P', 'fatty acid metabolic process'), ('P', 'glucose homeostasis'), ('P', 'medium-chain fatty-acyl-CoA metabolic process'), ('P', 'triglyceride homeostasis')]"
MGP007047,"[('C', 'mitochondrial matrix'), ('C', 'mitochondrion'), ('F', 'ATP binding'), ('F', 'butyrate-CoA ligase activity'), ('F', 'metal ion binding'), ('P', 'fatty acid metabolic process'), ('P', 'small molecule metabolic process'), ('P', 'xenobiotic metabolic process')]"
MGP007018,"[('C', 'mitochondrial matrix'), ('F', 'ATP binding'), ('F', 'butyrate-CoA ligase activity'), ('F', 'fatty-acyl-CoA synthase activity'), ('F', 'metal ion binding'), ('P', 'acyl-CoA metabolic process'), ('P', 'fatty acid metabolic process')]"
